chapt_title	data_level	url	img_path
Introduction	1	https://hutchdatascience.org/Clinical_Data_Management/intro.html	./resources/chapt_screen_images/intro.png
Clinical Data Types	2	https://hutchdatascience.org/Clinical_Data_Management/data_types.html	./resources/chapt_screen_images/data_types.png
Multimodal Data	3	https://hutchdatascience.org/Clinical_Data_Management/multimodal.html	./resources/chapt_screen_images/multimodal.png
Clinical Study Design and Considerations	4	https://hutchdatascience.org/Clinical_Data_Management/study_design.html	./resources/chapt_screen_images/study_design.png
Clinical Data Acquisition	5	https://hutchdatascience.org/Clinical_Data_Management/data_acquisition.html	./resources/chapt_screen_images/data_acquisition.png
Clinical Data Uses	6	https://hutchdatascience.org/Clinical_Data_Management/data_uses.html	./resources/chapt_screen_images/data_uses.png
Clinical Data Handling, Privacy, and Sharing	7	https://hutchdatascience.org/Clinical_Data_Management/data_management.html	./resources/chapt_screen_images/data_management.png
About the Authors	8	https://hutchdatascience.org/Clinical_Data_Management/about.html	./resources/chapt_screen_images/about.png
Appendix I: Clinical Data Standards	9	https://hutchdatascience.org/Clinical_Data_Management/appendix.html	./resources/chapt_screen_images/appendix.png
